{
  "version": 1,
  "experimentSets": {
    "sdkExperiments": [
      "records",
      "class-modifiers",
      "sealed-class"
    ],
    "nullSafety": [
      "non-nullable"
    ]
  },
  "sdk": {
    "default": {
      "experimentSet": "sdkExperiments"
    },
    "_example_libraries": {
      "ui": {
        "experimentSet": "nullSafety"
      }
    }
  },
  "packages": {
    "async": {
      "experimentSet": "nullSafety"
    },
    "boolean_selector": {
      "experimentSet": "nullSafety"
    },
    "characters": {
      "experimentSet": "nullSafety"
    },
    "clock": {
      "experimentSet": "nullSafety"
    },
    "collection": {
      "experimentSet": "nullSafety"
    },
    "connectivity": {
      "experimentSet": "nullSafety"
    },
    "connectivity_platform_interface": {
      "experimentSet": "nullSafety"
    },
    "convert": {
      "experimentSet": "nullSafety"
    },
    "crypto": {
      "experimentSet": "nullSafety"
    },
    "csslib": {
      "experimentSet": "nullSafety"
    },
    "dart_internal": {
      "experimentSet": "nullSafety"
    },
    "device_info": {
      "experimentSet": "nullSafety"
    },
    "device_info_platform_interface": {
      "experimentSet": "nullSafety"
    },
    "fake_async": {
      "experimentSet": "nullSafety"
    },
    "file": {
      "experimentSet": "nullSafety"
    },
    "fixnum": {
      "experimentSet": "nullSafety"
    },
    "flutter": {
      "experimentSet": "nullSafety"
    },
    "flutter_driver": {
      "experimentSet": "nullSafety"
    },
    "flutter_test": {
      "experimentSet": "nullSafety"
    },
    "flutter_goldens": {
      "experimentSet": "nullSafety"
    },
    "flutter_goldens_client": {
      "experimentSet": "nullSafety"
    },
    "http": {
      "experimentSet": "nullSafety"
    },
    "http_parser": {
      "experimentSet": "nullSafety"
    },
    "intl": {
      "experimentSet": "nullSafety"
    },
    "js": {
      "experimentSet": "nullSafety"
    },
    "logging": {
      "experimentSet": "nullSafety"
    },
    "matcher": {
      "experimentSet": "nullSafety"
    },
    "meta": {
      "experimentSet": "nullSafety"
    },
    "native_assets_builder": {
      "experimentSet": "nullSafety"
    },
    "native_stack_traces": {
      "experimentSet": "nullSafety"
    },
    "observatory": {
      "experimentSet": "nullSafety"
    },
    "observatory_test_package": {
      "experimentSet": "nullSafety"
    },
    "path": {
      "experimentSet": "nullSafety"
    },
    "pedantic": {
      "experimentSet": "nullSafety"
    },
    "platform": {
      "experimentSet": "nullSafety"
    },
    "plugin_platform_interface": {
      "experimentSet": "nullSafety"
    },
    "pool": {
      "experimentSet": "nullSafety"
    },
    "process": {
      "experimentSet": "nullSafety"
    },
    "pub_semver": {
      "experimentSet": "nullSafety"
    },
    "sky_engine": {
      "experimentSet": "nullSafety"
    },
    "source_maps": {
      "experimentSet": "nullSafety"
    },
    "source_map_stack_trace": {
      "experimentSet": "nullSafety"
    },
    "source_span": {
      "experimentSet": "nullSafety"
    },
    "stack_trace": {
      "experimentSet": "nullSafety"
    },
    "stream_channel": {
      "experimentSet": "nullSafety"
    },
    "string_scanner": {
      "experimentSet": "nullSafety"
    },
    "term_glyph": {
      "experimentSet": "nullSafety"
    },
    "test": {
      "experimentSet": "nullSafety"
    },
    "test_api": {
      "experimentSet": "nullSafety"
    },
    "test_core": {
      "experimentSet": "nullSafety"
    },
    "typed_data": {
      "experimentSet": "nullSafety"
    },
    "url_launcher": {
      "experimentSet": "nullSafety"
    },
    "url_launcher_linux": {
      "experimentSet": "nullSafety"
    },
    "url_launcher_macos": {
      "experimentSet": "nullSafety"
    },
    "url_launcher_platform_interface": {
      "experimentSet": "nullSafety"
    },
    "url_launcher_windows": {
      "experimentSet": "nullSafety"
    },
    "vector_math": {
      "experimentSet": "nullSafety"
    },
    "video_player": {
      "experimentSet": "nullSafety"
    },
    "video_player_platform_interface": {
      "experimentSet": "nullSafety"
    },
    "video_player_web": {
      "experimentSet": "nullSafety"
    }
  }
}
